id,question,answer,topic,subtopic,keywords,language,source,license,updated_at
FAQ-001,¿A qué edad puede comenzar el control de miopía?,El control de miopía puede iniciarse desde los 6 años, dependiendo de cada caso y de cómo evolucione la graduación del niño. Detectarla pronto permite actuar a tiempo y evitar que aumente demasiado rápido.,Control de miopía,Miopía infantil,"miopía, infantil, orto-k, progresión",es,https://www.marpe-estilo.com/control-de-miopia-infantil-en-albacete/,CC-BY-4.0,2025-10-20
FAQ-002,¿Qué tratamientos existen para frenar la miopía?,Hoy en día existen diferentes opciones para controlar la progresión de la miopía, como la ortoqueratología (orto-K), lentes especiales con diseños específicos o terapias visuales personalizadas. El objetivo no es eliminar la miopía, sino frenar su avance y proteger la salud ocular a largo plazo.,Control de miopía,Tratamientos,"orto-k, control, lentes especiales",es,https://www.marpe-estilo.com/control-de-miopia-en-albacete/,CC-BY-4.0,2025-10-20
FAQ-003,¿Por qué aumenta la miopía en los niños?,El aumento de la miopía en la infancia está relacionado con factores genéticos, exceso de trabajo en visión próxima (como pantallas o estudio prolongado) y poca exposición a la luz natural. Pasar tiempo al aire libre y revisar la vista periódicamente ayuda a prevenir una progresión acelerada.,Control de miopía,Prevención,"miopía, pantallas, genética, luz natural",es,https://www.marpe-estilo.com/control-de-miopia-infantil-en-albacete/,CC-BY-4.0,2025-10-20
FAQ-004,¿Cada cuánto tiempo debo hacerme una revisión visual?,Lo ideal es realizar una revisión visual una vez al año, especialmente si usas gafas, lentillas o pasas muchas horas frente a pantallas. En niños, una revisión anual es clave para detectar cambios tempranos y evitar que los problemas visuales afecten al aprendizaje.,Revisión visual,Frecuencia,"revisión, anual, vista, salud ocular",es,https://www.marpe-estilo.com/examen-visual-albacete/,CC-BY-4.0,2025-10-20
FAQ-005,¿A qué edad deben revisarse la vista los niños?,A partir de los 3 años ya se puede realizar una revisión visual completa. En esta etapa pueden detectarse problemas como el ojo vago o dificultades de enfoque que, si se corrigen a tiempo, mejoran el rendimiento escolar y el desarrollo visual.,Revisión visual,Infantil,"visión, niños, detección temprana, aprendizaje",es,https://www.marpe-estilo.com/examen-visual-ninos-en-albacete/,CC-BY-4.0,2025-10-20
FAQ-006,¿Qué pruebas se realizan en una revisión visual?,Una revisión visual incluye pruebas de agudeza visual, graduación, visión binocular y estado ocular. En el caso de los niños, se adaptan las técnicas para que sean cómodas y efectivas. Estas pruebas ayudan a conocer el estado general de la visión y detectar cualquier anomalía a tiempo.,Revisión visual,Pruebas,"revisión visual, diagnóstico, graduación",es,https://www.marpe-estilo.com/examen-visual-albacete/,CC-BY-4.0,2025-10-20
FAQ-007,¿Qué es la terapia visual?,La terapia visual es un tratamiento personalizado que combina ejercicios y técnicas específicas para mejorar la coordinación, el enfoque y la eficiencia del sistema visual. Está diseñada para que el paciente aprenda a usar sus ojos de forma más eficaz.,Terapia visual,Concepto,"terapia visual, ejercicios, coordinación",es,https://www.marpe-estilo.com/optica-terapia-visual-en-albacete/,CC-BY-4.0,2025-10-20
FAQ-008,¿Qué problemas se pueden tratar con terapia visual?,La terapia visual puede ayudar en casos de ojo vago (ambliopía), estrabismo, dificultades de enfoque, problemas de lectura o coordinación entre ambos ojos. Es una herramienta muy útil tanto en niños como en adultos.,Terapia visual,Aplicaciones,"ojo vago, estrabismo, lectura, enfoque",es,https://www.marpe-estilo.com/optica-terapia-visual-en-albacete/,CC-BY-4.0,2025-10-20
FAQ-009,¿Cuánto dura un tratamiento de terapia visual?,Cada tratamiento se adapta a las necesidades del paciente, pero normalmente dura entre 3 y 6 meses. Las sesiones suelen realizarse una vez por semana, acompañadas de ejercicios que el paciente realiza en casa bajo la supervisión del optometrista.,Terapia visual,Duración,"duración, seguimiento, sesiones",es,https://www.marpe-estilo.com/optica-terapia-visual-en-albacete/,CC-BY-4.0,2025-10-20
FAQ-010,¿Las gafas progresivas son solo para personas mayores?,No. Las gafas progresivas también son una excelente opción para jóvenes que pasan muchas horas frente a pantallas o que sufren fatiga visual. Permiten enfocar de forma cómoda a diferentes distancias sin necesidad de cambiar de gafas.,Lentes progresivas,Adaptación joven,"progresivas, jóvenes, pantallas, fatiga visual",es,https://www.marpe-estilo.com/gafas-progresivas-lentillas-progresivas/,CC-BY-4.0,2025-10-20
FAQ-011,¿Cuánto tarda la adaptación a unas gafas progresivas?,El periodo de adaptación suele ser de entre 2 y 3 semanas. En ese tiempo, el cerebro y los ojos aprenden a usar las distintas zonas de la lente. Con una buena elección y una adaptación personalizada, la transición es muy rápida.,Lentes progresivas,Adaptación,"progresivas, adaptación, visión, comodidad",es,https://www.marpe-estilo.com/gafas-progresivas-lentillas-progresivas/,CC-BY-4.0,2025-10-20
FAQ-012,¿Qué ventajas ofrecen las gafas progresivas?,Las gafas progresivas permiten ver con nitidez a todas las distancias: de cerca, de lejos y a media distancia. Además, su diseño moderno y sin líneas visibles resulta más estético que las bifocales tradicionales. Son cómodas, prácticas y se adaptan a cualquier estilo de vida.,Lentes progresivas,Ventajas,"progresivas, visión, multifocales",es,https://www.marpe-estilo.com/gafas-progresivas-lentillas-progresivas/,CC-BY-4.0,2025-10-20
FAQ-013,¿Qué es la contactología avanzada?,La contactología avanzada es una especialidad de la optometría que se centra en adaptar lentes de contacto personalizadas según las necesidades de cada paciente. Permite ofrecer soluciones específicas en casos de miopía elevada, astigmatismo o queratocono.,Contactología avanzada,Concepto,"lentes de contacto, especialidad, adaptación",es,https://www.marpe-estilo.com/contactologia-avanzada-albacete/,CC-BY-4.0,2025-10-20
FAQ-014,¿Qué diferencia hay entre orto-K y lentillas normales?,Las lentes de ortoqueratología (orto-K) se usan durante la noche y moldean suavemente la córnea para que el paciente vea bien durante el día sin gafas ni lentillas. Son seguras, reversibles y una excelente opción para el control de la miopía infantil.,Contactología avanzada,Orto-K,"orto-k, lentes, moldear, visión libre",es,https://www.marpe-estilo.com/contactologia-avanzada-albacete/,CC-BY-4.0,2025-10-20
FAQ-015,¿Puedo dormir con mis lentillas?,Solo si se trata de lentes diseñadas específicamente para uso nocturno, como las orto-K. En el resto de los casos, dormir con lentillas puede causar irritación o infecciones oculares, por lo que siempre debe seguirse el consejo del profesional.,Contactología avanzada,Uso seguro,"lentillas, dormir, higiene, orto-k",es,https://www.marpe-estilo.com/contactologia-avanzada-albacete/,CC-BY-4.0,2025-10-20
